rel_time_sec,timestamp_sec,ground_truth_x_m,ground_truth_y_m,estimated_x_m,estimated_y_m,gnss_x_m,gnss_y_m,speed_kmh,position_error_m,uncertainty_m,gnss_status
0.0,33029.0,0.0,0.0,0.0,0.0,0.0,0.0,34.33,0.0,2.8284271247461903,AVAILABLE
0.09999999999854481,33029.1,-0.6315895023081424,0.7013127922835075,-0.6188350554536883,0.7185133799748505,-0.6315895023081424,0.7013127922835075,34.25,0.021413456785177722,2.2105677345304353,AVAILABLE
0.19999999999708962,33029.2,-1.2428051497357104,1.4137575329854588,-1.2360521447970474,1.4331627858082077,-1.2428051497357104,1.4137575329854588,34.14,0.020546700776923037,1.8777852715346475,AVAILABLE
0.3000000000029104,33029.3,-1.8743946520740122,2.1039383768505227,-1.8626254035413037,2.14199445666639,-1.8743946520740122,2.1039383768505227,34.27,0.03983441253459536,1.6651426494604853,AVAILABLE
0.4000000000014552,33029.4,-2.492401584461772,2.8052511683430574,-2.494673251635819,2.8486643359829253,-2.492401584461772,2.8052511683430574,34.4,0.0434725614184041,1.5173956300296072,AVAILABLE
0.5,33029.5,-3.10361723187426,3.5065639598355927,-3.130169149706,3.5497854961402573,-3.10361723187426,3.5065639598355927,34.39,0.050725787732463175,1.410274440437242,AVAILABLE
0.5999999999985448,33029.6,-3.708041594326557,4.219008701328517,-3.768273613923163,4.245878022901891,-3.708041594326557,4.219008701328517,34.33,0.06595344287070513,1.3311588202582454,AVAILABLE
0.6999999999970896,33029.7,-4.366796236535784,4.864661747564942,-4.419258149624057,4.9294128261474315,-4.366796236535784,4.864661747564942,34.38,0.08333639362533787,1.2726953926547504,AVAILABLE
0.8000000000029104,33029.8,-4.978011883948272,5.565974540639422,-5.0787880521637145,5.61200282556468,-4.978011883948272,5.565974540639422,34.61,0.11079006766559835,1.2301724576951323,AVAILABLE
0.9000000000014552,33029.9,-5.6367665261876585,6.189363688457015,-5.750461138023335,6.2801895855035665,-5.6367665261876585,6.189363688457015,34.66,0.14551909955320577,1.1998365199539642,AVAILABLE
1.0,33030.0,-6.268356028510881,6.8906764799495495,-6.426486083666629,6.943092768776983,-6.268356028510881,6.8906764799495495,34.61,0.16659106121878475,1.1786789805061142,AVAILABLE
1.0999999999985448,33030.1,-6.961067095566304,7.491801730139282,-7.114331701238666,7.587567934899454,-6.961067095566304,7.491801730139282,34.5,0.18072411384779782,1.1642061146345097,AVAILABLE
1.1999999999970896,33030.2,-7.6673607325873485,8.137454777166681,-7.818286543858067,8.226017040569475,-7.6673607325873485,8.137454777166681,34.72,0.17499107122007782,1.1549265683870018,AVAILABLE
1.3000000000029104,33030.3,-8.373654369608394,8.749711976565829,-8.542520690658995,8.861571884482604,-8.373654369608394,8.749711976565829,35.24,0.20255486512131485,1.1497049705752747,AVAILABLE
1.4000000000014552,33030.4,-9.14106957136164,9.295177481499453,-9.284781029781474,9.478222589731288,-9.14106957136164,9.295177481499453,35.31,0.23271977769145447,1.1464394536582978,AVAILABLE
1.5,33030.5,-9.867737063308498,9.79611518959541,-10.038843495955843,10.071686527978637,-9.867737063308498,9.79611518959541,35.25,0.3243716600315498,1.1438880251334185,AVAILABLE
1.5999999999985448,33030.6,-10.635152265046665,10.319316796901173,-10.80808685722743,10.648052668269797,-10.635152265046665,10.319316796901173,35.32,0.3714480398349351,1.1416063403926378,AVAILABLE
1.6999999999970896,33030.7,-11.429732606700995,10.887046200253629,-11.595490249647433,11.217292766150816,-11.429732606700995,10.887046200253629,35.63,0.36951101537307984,1.139575024198765,AVAILABLE
1.8000000000029104,33030.8,-12.237895518275709,11.443643653605696,-12.397503997546163,11.777692657107337,-12.237895518275709,11.443643653605696,35.82,0.37022101965645765,1.137273621080162,AVAILABLE
1.9000000000014552,33030.9,-13.03247585993004,12.011373056958151,-13.212284244157395,12.335214400355166,-13.03247585993004,12.011373056958151,36.13,0.37041094845000994,1.1347784092263626,AVAILABLE
2.0,33031.0,-13.833847486544562,12.590234408729051,-14.03317490620009,12.888064188574806,-13.833847486544562,12.590234408729051,36.2,0.35837689377176873,1.131598919352955,AVAILABLE
2.099999999998545,33031.1,-14.682758107940742,13.14683186287209,-14.866543927809715,13.43537662810875,-14.682758107940742,13.14683186287209,36.4,0.34210423722951705,1.128045580909223,AVAILABLE
2.1999999999970896,33031.2,-15.51808615941654,13.72569321464299,-15.707132245176876,13.982983980721311,-15.51808615941654,13.72569321464299,36.59,0.319275681583289,1.1241796821790235,AVAILABLE
2.3000000000029104,33031.3,-16.36699678084288,14.382478210879805,-16.55285283536676,14.543534807379778,-16.36699678084288,14.382478210879805,36.92,0.24593027523942487,1.1203391416492676,AVAILABLE
2.400000000001455,33031.4,-17.21590740225414,15.050395155535062,-17.406488972426143,15.121432679505924,-17.21590740225414,15.050395155535062,37.44,0.20339042431033263,1.116894422111351,AVAILABLE
2.5,33031.5,-18.05123545371486,15.729444049399737,-18.261484079571723,15.715743770176228,-18.05123545371486,15.729444049399737,37.77,0.21069452371977146,1.1135107026578355,AVAILABLE
2.599999999998545,33031.6,-18.90693736011647,16.430756840892272,-19.116969811780695,16.326405694738458,-18.90693736011647,16.430756840892272,38.04,0.23452674145116167,1.1101356738546166,AVAILABLE
2.6999999999970896,33031.7,-19.75584798152773,17.065277939501225,-19.97635972148487,16.94469252943493,-19.75584798152773,17.065277939501225,38.3,0.2513290046528281,1.10681379104911,AVAILABLE
2.8000000000029104,33031.8,-20.618341172874455,17.733194883365513,-20.84013733198337,17.574159615546087,-20.618341172874455,17.733194883365513,38.62,0.2729207808245172,1.1036994277217678,AVAILABLE
2.900000000001455,33031.9,-21.507999504107183,18.37884793039291,-21.711021088925943,18.209481791902775,-21.507999504107183,18.37884793039291,38.91,0.2643910981280974,1.100771414125702,AVAILABLE
3.0,33032.0,-22.39086655037972,19.013369028210892,-22.58661969320272,18.84845249208629,-22.39086655037972,19.013369028210892,39.11,0.2559624128898988,1.0979126881633343,AVAILABLE
3.099999999998545,33032.1,-23.3144813064888,19.61449427760965,-23.47439317440308,19.485905543140618,-23.3144813064888,19.61449427760965,39.42,0.20519958121833795,1.0953507719525442,AVAILABLE
3.1999999999970896,33032.2,-24.251678632518267,20.193355630171524,-24.376255675850654,20.118739630015373,-24.251678632518267,20.193355630171524,39.74,0.14521359166669692,1.0931070851607643,AVAILABLE
3.3000000000029104,33032.3,-25.182084673587543,20.794480880361256,-25.28746144492243,20.749361430274337,-25.182084673587543,20.794480880361256,39.97,0.11462996428993343,1.0910320217351135,AVAILABLE
3.400000000001455,33032.4,-26.1396558545579,21.384474181341574,-26.207599786167645,21.373604905313666,-26.1396558545579,21.384474181341574,40.09,0.06880784115172028,1.0889656648656427,AVAILABLE
3.5,33032.5,-27.117600890408834,21.95220358469403,-27.14353229411755,21.991335475362003,-27.117600890408834,21.95220358469403,40.42,0.046944036528132296,1.0872881682721962,AVAILABLE
3.599999999998545,33032.6,-28.081963356324305,22.53106493646493,-28.098570524127684,22.610710518764744,-28.081963356324305,22.53106493646493,41.04,0.08135856932325046,1.0864354194497043,AVAILABLE
3.6999999999970896,33032.7,-29.025951967344124,23.121058238236216,-29.054241980888392,23.22486986019568,-29.025951967344124,23.121058238236216,40.98,0.10759729420477604,1.0852003413359448,AVAILABLE
3.8000000000029104,33032.8,-30.02427085812087,23.68878764158867,-30.015488976119602,23.828309897697928,-30.02427085812087,23.68878764158867,40.92,0.1397983597947452,1.0836711103488568,AVAILABLE
3.900000000001455,33032.9,-31.002215894001964,24.289912890987434,-30.981955665880857,24.4308744706081,-31.002215894001964,24.289912890987434,41.05,0.14241012524631944,1.0822324695271306,AVAILABLE
4.0,33033.0,-31.980160929883056,24.87990619275872,-31.954624353711413,25.030997957806964,-31.980160929883056,24.87990619275872,41.19,0.15323458548240165,1.0809163012622136,AVAILABLE
4.099999999998545,33033.1,-32.971688535684535,25.503295340576315,-32.93246907720745,25.63248898716424,-32.971688535684535,25.503295340576315,41.35,0.135015422237319,1.0797613721721169,AVAILABLE
4.19999999999709,33033.2,-33.963216141501086,26.12668448997585,-33.913762010828044,26.235726970573893,-33.963216141501086,26.12668448997585,41.47,0.11973292619660046,1.078700349606064,AVAILABLE
4.30000000000291,33033.3,-34.96832631725311,26.750073638584418,-34.897956698209505,26.839431943828277,-34.96832631725311,26.750073638584418,41.54,0.11374001055212106,1.0776580588442266,AVAILABLE
4.400000000001455,33033.4,-35.95985392305458,27.39572668402987,-35.88372335903973,27.447982811125133,-35.95985392305458,27.39572668402987,41.66,0.09233940435272421,1.0767297070229587,AVAILABLE
4.5,33033.5,-36.95138152887114,28.052511680266687,-36.866393414804406,28.060232728651933,-36.95138152887114,28.052511680266687,41.61,0.08533811645910157,1.075642538618352,AVAILABLE
4.599999999998545,33033.6,-37.94290913467261,28.709296675712526,-37.84787720162483,28.67724503899689,-37.94290913467261,28.709296675712526,41.64,0.10029145384801488,1.074568446005384,AVAILABLE
4.69999999999709,33033.7,-38.948019310424634,29.35494972194895,-38.829651263611986,29.29640749407998,-38.948019310424634,29.35494972194895,41.66,0.13205372751309977,1.0735076035331275,AVAILABLE
4.80000000000291,33033.8,-39.939546916241184,30.045130565023044,-39.806107156572125,29.922438568773334,-39.939546916241184,30.045130565023044,41.59,0.18127188255290766,1.0723319413628527,AVAILABLE
4.900000000001455,33033.9,-40.94465709197812,30.70191556125986,-40.78046318834092,30.55003702977902,-40.94465709197812,30.70191556125986,41.52,0.22366655162629978,1.071078654371512,AVAILABLE
5.0,33034.0,-41.94297598278503,31.336436658286868,-41.750069962948686,31.16684066982507,,,41.37,0.25685702597249227,1.1550492010363693,DENIED
5.099999999998545,33034.1,-42.93450358857143,31.926429959267182,-42.71790917876586,31.782282633725885,,,41.29,0.2601760746489448,1.2462238829853012,DENIED
5.19999999999709,33034.2,-43.92603119438798,32.51642326103847,-43.68410759184369,32.396681223020906,,,41.22,0.2699355203314433,1.3440668211097957,DENIED
5.30000000000291,33034.3,-44.91076751522927,33.12868046043762,-44.6483638518733,33.011027197417256,,,41.16,0.28757255230979817,1.4480936716267274,DENIED
5.400000000001455,33034.4,-45.88871255109528,33.74093765983677,-45.606294815666836,33.62134320546485,,,40.89,0.3066962842961242,1.5572826907626272,DENIED
5.5,33034.5,-46.86665758697637,34.35319485923592,-46.56435348230587,34.23197570380603,,,40.9,0.3257020960076424,1.671946568821467,DENIED
5.599999999998545,33034.6,-47.837811337882194,34.9209242617974,-47.51457635474298,34.83784720299097,,,40.57,0.3337403961538612,1.7907573898569813,DENIED
5.69999999999709,33034.7,-48.81575637373313,35.44412586910317,-48.46748164958102,35.445195125546455,,,40.68,0.3482763655383057,1.9146712436808806,DENIED
5.80000000000291,33034.8,-49.79370140961422,35.989591373245815,-49.41617054937818,36.04985566795764,,,40.5,0.3823105225437557,2.0425560239841074,DENIED
5.900000000001455,33034.9,-50.77164644546516,36.457133235295466,-50.35949611923112,36.65156092379658,,,40.28,0.45570825916447144,2.1740079125840555,DENIED
6.0,33035.0,-51.74959148134625,36.92467509655415,-51.30331403577437,37.25404378273427,,,40.31,0.5546596162171751,2.30962266206932,DENIED
6.099999999998545,33035.1,-52.727536517212265,37.45900865227836,-52.24330545239162,37.85477694661034,,,40.16,0.625389692060709,2.4486179835679427,DENIED
6.19999999999709,33035.2,-53.698690268118085,37.94881441195587,-53.18085164562803,38.45417791276566,,,40.06,0.7235669332502132,2.5909864732152665,DENIED
6.30000000000291,33035.3,-54.663052734033556,38.483147967680075,-54.11057089368148,39.04880351304588,,,39.73,0.7906974009833988,2.7357301306933155,DENIED
6.400000000001455,33035.4,-55.62741519994903,38.99521762498545,-55.03693757891857,39.64196855285154,,,39.6,0.8757571487766656,2.883403046044538,DENIED
6.5,33035.5,-56.57819509594412,39.540683129919074,-55.963331051704444,40.23560676069879,,,39.61,0.9278882721076043,3.034411989569101,DENIED
6.599999999998545,33035.6,-57.522183706933774,40.06388473643386,-56.88452313188661,40.82500510962804,,,39.37,0.9929326419554948,3.1876917002684655,DENIED
6.69999999999709,33035.7,-58.472963602928864,40.58708634373963,-57.80344903507064,41.412275578982566,,,39.26,1.0626321238016507,3.343624899854989,DENIED
6.80000000000291,33035.8,-59.410160928973404,41.099156001045,-58.71782574548109,41.99686354202522,,,39.07,1.1336696324035826,3.5017888240549797,DENIED
6.900000000001455,33035.9,-60.354149539978145,41.62235760755979,-59.62718620877786,42.57846809530928,,,38.86,1.2010923984833097,3.6619934167967036,DENIED
7.0,33036.0,-61.28455558104742,42.14555921486556,-60.532935394042056,43.1579857505557,,,38.71,1.260928386421501,3.824387804766043,DENIED
7.099999999998545,33036.1,-62.22175290709197,42.668760821380346,-61.4347068639486,43.734958378641394,,,38.54,1.3252240207365178,3.9888015850020353,DENIED
7.19999999999709,33036.2,-63.15215894817632,43.1696985294763,-62.33273460175381,44.3095356870464,,,38.38,1.403810886582462,4.155194759130053,DENIED
7.30000000000291,33036.3,-64.07577370425524,43.659504289944785,-63.222806908908474,44.87902294117138,,,38.04,1.4882130541873573,4.322694323824718,DENIED
7.400000000001455,33036.4,-64.99259717538905,44.17157394725016,-64.10666034943135,45.444313830969094,,,37.77,1.5507259174969925,4.491507510487389,DENIED
7.5,33036.5,-65.90942064650778,44.68364360534651,-64.98883857895264,46.008099464947,,,37.69,1.6129645585486931,4.662411846485312,DENIED
7.599999999998545,33036.6,-66.81266154770614,45.19571326186091,-65.86649269836047,46.56813124291492,,,37.48,1.666963288795671,4.834758794822623,DENIED
7.69999999999709,33036.7,-67.71590244887433,45.69665097074784,-66.74112075905178,47.1251586536267,,,37.33,1.7294026549237258,5.008759126429735,DENIED
7.80000000000291,33036.8,-68.61235206509741,46.186456730425355,-67.61164261528096,47.67829040834217,,,37.13,1.7963816759026365,5.184119499179211,DENIED
7.900000000001455,33036.9,-69.5088016813054,46.676262490102864,-68.47720838910818,48.2267897464132,,,36.89,1.862342474698882,5.360584921885449,DENIED
8.0,33037.0,-70.39846001253814,47.177200198198825,-69.33588691853706,48.76798858516647,,,36.54,1.9130262079245421,5.537552361797404,DENIED
8.099999999998545,33037.1,-71.28132705881067,47.667005957085365,-70.19409100133034,49.30367057729575,,,36.42,1.9648799769283078,5.716066863279564,DENIED
8.19999999999709,33037.2,-72.15740282010793,48.145679769135405,-71.04685272781545,49.82915468640281,,,36.06,2.0167819179473367,5.894886820875638,DENIED
8.30000000000291,33037.3,-73.0334785814052,48.61322162960312,-71.89587374931766,50.34317759947384,,,35.73,2.0704812029285096,6.074071830026365,DENIED
8.400000000001455,33037.4,-73.90955434271754,49.0807634908618,-72.74760069249382,50.84672652746522,,,35.62,2.1139445905505228,6.254648036416288,DENIED
8.5,33037.5,-74.792421388975,49.5149095052832,-73.60101143842166,51.33690417534859,,,35.43,2.176952513957115,6.436140647731103,DENIED
8.599999999998545,33037.6,-75.66849715027227,49.94905551891363,-74.45366199720762,51.81035297765089,,,35.11,2.2226679191960756,6.617790519051947,DENIED
8.69999999999709,33037.7,-76.54457291158461,50.394333482544454,-75.31127463169113,52.26889067418928,,,35.01,2.243878185627629,6.800644206805188,DENIED
8.80000000000291,33037.8,-77.42064867288188,50.795083649337606,-76.16923165510774,52.70758888427795,,,34.69,2.2855460673652956,6.983442862848343,DENIED
8.900000000001455,33037.9,-78.29672443417914,51.195833816130765,-77.0333224195417,53.12776485364971,,,34.59,2.3083635294985387,7.16722925402116,DENIED
9.0,33038.0,-79.1795914804366,51.56318813529567,-77.90114284225194,53.52640342917959,,,34.38,2.3427857799243887,7.351298199702901,DENIED
9.099999999998545,33038.1,-80.05566724174895,51.90827855683271,-78.7708476578473,53.90099295728782,,,34.09,2.371006546797872,7.535074324477669,DENIED
9.19999999999709,33038.2,-80.93853428800641,52.2311050807419,-79.64368727350343,54.25066895689065,,,33.85,2.399013764198164,7.718668916122656,DENIED
9.30000000000291,33038.3,-81.82819261925421,52.520535756231865,-80.51835572054365,54.57234512228719,,,33.55,2.4342543778036094,7.9015463580064775,DENIED
9.400000000001455,33038.4,-82.72464223546221,52.79883448330338,-81.39959236781812,54.866039758561975,,,33.44,2.4554215120424026,8.084542039423635,DENIED
9.5,33038.5,-83.62109185168529,53.03260541432821,-82.28216697043315,55.12968298302746,,,33.16,2.4880623317709722,8.26656960823665,DENIED
9.599999999998545,33038.6,-84.5175414678782,53.2441124469342,-83.16791740559927,55.363575553409355,,,32.98,2.512689588706013,8.448015637529286,DENIED
9.69999999999709,33038.7,-85.42078236907656,53.42222363191195,-84.05720184393715,55.56809801600415,,,32.85,2.5424650874382846,8.62903372509566,DENIED
9.80000000000291,33038.8,-86.32402327028998,53.555807020843,-84.95117305444433,55.74254811199729,,,32.79,2.5819671405519715,8.809830204512462,DENIED
9.900000000001455,33038.9,-87.22047288646783,53.66712651135522,-85.84669758445334,55.88601950788103,,,32.65,2.609740353072753,8.989817886510712,DENIED
10.0,33039.0,-88.11692250267582,53.75618210423958,-86.74530543172784,55.99797843334192,,,32.6,2.6281141852082164,9.16931058224669,DENIED
10.099999999998545,33039.1,-89.00658083392364,53.83410574791452,-87.63739571304401,56.076684742138035,,,32.24,2.6275137374656463,9.346410004166868,DENIED
10.19999999999709,33039.2,-89.90303045013162,53.85636964554238,-88.53036782130279,56.122889088539445,,,32.19,2.649776043001939,9.522669048107051,DENIED
10.30000000000291,33039.3,-90.79268878137944,53.85636964554238,-89.42137573931441,56.13645015334727,,,32.08,2.660689117768072,9.697631345887725,DENIED
10.400000000001455,33039.4,-91.68234711261216,53.80070990107724,-90.29951707109853,56.11808589909057,,,31.62,2.6986015711625293,9.869305121513753,DENIED
10.5,33039.5,-92.55842287390944,53.74505015582113,-91.17471413786382,56.06734598632429,,,31.56,2.7032772315434683,10.039678200158336,DENIED
10.599999999998545,33039.6,-93.44128992019705,53.6559945621458,-92.03921082543152,55.98580915452239,,,31.26,2.7191656482879867,10.207432551847548,DENIED
10.69999999999709,33039.7,-94.30378311154377,53.56693897005242,-92.9027753930201,55.87352855945835,,,31.35,2.6987364008585066,10.374649812792573,DENIED
10.80000000000291,33039.8,-95.15948501793031,53.41109168270253,-93.75969992273973,55.73323198704714,,,31.26,2.711408103878752,10.540515032751882,DENIED
10.900000000001455,33039.9,-96.00160435438137,53.23298049772479,-94.61610448306743,55.56353451472021,,,31.43,2.711289715162221,10.706305613985364,DENIED
11.0,33040.0,-96.85051497579263,53.021473465118795,-95.46269304335591,55.36671351987687,,,31.29,2.725105618245657,10.870379380860639,DENIED
11.099999999998545,33040.1,-97.69263431222862,52.79883448330338,-96.30651814585048,55.1426929862995,,,31.43,2.7230480548022022,11.034336941443868,DENIED
11.19999999999709,33040.2,-98.5347536486646,52.531667706232255,-97.14935819841874,54.892583663118586,,,31.65,2.737379167934622,11.198791981770077,DENIED
11.30000000000291,33040.3,-99.36329041516514,52.24223702916034,-97.99006908213796,54.61880290314543,,,31.83,2.7447772556022514,11.363816709502688,DENIED
11.400000000001455,33040.4,-100.20540975160112,51.93054245525155,-98.82891583230196,54.32392413004127,,,32.01,2.760980143189522,11.529774696089415,DENIED
11.5,33040.5,-101.04752908803711,51.59658398292392,-99.66691949690993,54.00963945322693,,,32.22,2.7800934419317036,11.697120596657049,DENIED
11.599999999998545,33040.6,-101.88285713951291,51.24036161296843,-100.50918572074222,53.677045898922366,,,32.6,2.79721351994486,11.867193314745522,DENIED
11.69999999999709,33040.7,-102.73176776093925,50.87300729301255,-101.35827375409957,53.32867029563252,,,33.04,2.8136749224565807,12.040863682420845,DENIED
11.80000000000291,33040.8,-103.5603045274247,50.48338907463784,-102.20864845623176,52.97036638380177,,,33.22,2.8305529973998014,12.217297262975721,DENIED
11.900000000001455,33040.9,-104.3956325789005,50.07150695863527,-103.06218001523533,52.605281933930755,,,33.42,2.8632344236857157,12.39713082584592,DENIED
12.0,33041.0,-105.24454320031175,49.659624842632695,-103.919093821502,52.23751165426659,,,33.57,2.8986749506253933,12.580633730757267,DENIED
12.099999999998545,33041.1,-106.10024510671337,49.2477427274211,-104.78583734007636,51.865880851119634,,,33.95,2.929558842515269,12.769273974083667,DENIED
12.19999999999709,33041.2,-106.95594701308482,48.835860611418525,-105.66031130521249,51.49183856747809,,,34.24,2.9551464922382777,12.962641915937668,DENIED
12.30000000000291,33041.3,-107.82523148940682,48.42397849541595,-106.54200959888898,51.11561605169705,,,34.51,2.981873765719647,13.160630426749526,DENIED
12.400000000001455,33041.4,-108.70130725070408,48.012096379413386,-107.43139830262082,50.73831191355465,,,34.78,3.007477327431587,13.363392232785158,DENIED
12.5,33041.5,-109.58417429699169,47.60021426341081,-108.32765977320206,50.36085777551396,,,35.01,3.0331471031605948,13.570748164460017,DENIED
12.599999999998545,33041.6,-110.4806239131997,47.188332148199216,-109.23266825817201,49.98343382339211,,,35.3,3.0610433991666475,13.78314759782024,DENIED
12.69999999999709,33041.7,-111.3770735294077,46.76531808219625,-110.14945665523231,49.605410262268265,,,35.7,3.0940534547848935,14.001320721996118,DENIED
12.80000000000291,33041.8,-112.28710571556624,46.353435966984655,-111.07265226635549,49.23057605675907,,,35.87,3.122952493472646,14.22401217278976,DENIED
12.900000000001455,33041.9,-113.1971379017097,45.94155385019111,-112.00624847732455,48.85852348677087,,,36.18,3.1507030139066794,14.452175718009672,DENIED
13.0,33042.0,-114.12075265781878,45.52967173497951,-112.94810959358182,48.49153347950823,,,36.39,3.1855481082234127,14.68528117851706,DENIED
13.099999999998545,33042.1,-115.05794998386332,45.1400535166048,-113.9001562253513,48.12935147196891,,,36.67,3.2056806848458015,14.923765796235084,DENIED
13.19999999999709,33042.2,-115.98835602491752,44.73930335060262,-114.86151647729918,47.773007554455155,,,36.91,3.236221340166533,15.167377669658421,DENIED
13.30000000000291,33042.3,-116.9459272058728,44.349685132227904,-115.83358846819856,47.42250245832817,,,37.2,3.267951007422345,15.416432742060381,DENIED
13.400000000001455,33042.4,-117.91028967180335,43.960066914644166,-116.81719038307472,47.07789480676751,,,37.52,3.3038941901824503,15.67110720970949,DENIED
13.5,33042.5,-118.8746521377339,43.59271259468829,-117.80873055641563,46.740963853402846,,,37.7,3.3238042670286507,15.930427973012915,DENIED
13.599999999998545,33042.6,-119.86617974353538,43.21422632631397,-118.81278482790756,46.40991423925603,,,38.06,3.3648271999011388,16.19554618262112,DENIED
13.69999999999709,33042.7,-120.86449863431213,42.858003955567504,-119.82509394417033,46.08629894598841,,,38.26,3.3914968163136283,16.465299881589313,DENIED
13.80000000000291,33042.8,-121.86960881007923,42.501781584821046,-120.84693194731359,45.769829787646785,,,38.51,3.424325776211823,16.739981615232377,DENIED
13.900000000001455,33042.9,-122.88830155573655,42.14555921486556,-121.87878411865456,45.4604937042124,,,38.78,3.4652440209073028,17.01968334662158,DENIED
14.0,33043.0,-123.91378558642946,41.800468793328506,-122.92193851647279,45.15805983051906,,,39.1,3.5010253045649278,17.304723462289143,DENIED
14.099999999998545,33043.1,-124.95285218705783,41.45537837179146,-123.97625099361264,44.8623400298422,,,39.42,3.5441695262030595,17.595039238759906,DENIED
14.19999999999709,33043.2,-126.00550135759151,41.12141989946383,-125.03953835179304,44.57408764330765,,,39.66,3.585247422138503,17.89000074525229,DENIED
14.30000000000291,33043.3,-127.06494181311554,40.798593375554645,-126.11595122766468,44.29193572763464,,,40.06,3.619948054891138,18.190740799639517,DENIED
14.400000000001455,33043.4,-128.13796483857502,40.475766852436436,-127.20083554300227,44.0170538437721,,,40.29,3.6631850719863843,18.49594205697451,DENIED
14.5,33043.5,-129.22457043403028,40.15294032852725,-128.29444971762092,43.748475602650096,,,40.54,3.7138926283019424,18.80565842771124,DENIED
14.599999999998545,33043.6,-130.31117602941018,39.85237770382787,-129.40148557240292,43.484577774466075,,,40.97,3.7443843393426186,19.121215874348614,DENIED
14.69999999999709,33043.7,-131.41136419475566,39.55181507912849,-130.5145773416408,43.22702590936535,,,41.13,3.7830412774129223,19.440504686382337,DENIED
14.80000000000291,33043.8,-132.51155236011624,39.25125245363814,-131.6364875374313,42.97567217255843,,,41.39,3.8258385599215985,19.764287068266665,DENIED
14.900000000001455,33043.9,-133.63211438037246,38.93955787972934,-132.7645114199857,42.73141244441526,,,41.55,3.8898452329882383,20.0917560112176,DENIED
15.0,33044.0,-134.75946768560397,38.616731356611126,-133.89693195096933,42.49446479513665,,,41.65,3.9725035574283245,20.422383133411902,DENIED
15.099999999998545,33044.1,-135.900403560786,38.39409237479572,-135.03995364370067,42.26216229831532,,,41.99,3.9626176945359077,20.75798573713451,DENIED
15.19999999999709,33044.2,-137.04133943596804,38.149189495352445,-136.191606709139,42.033333589588686,,,42.27,3.976005665468121,21.098013876544382,DENIED
15.30000000000291,33044.3,-138.18906659611028,37.95994636037431,-137.35180373483064,41.80764457458794,,,42.55,3.9377392811791037,21.44244774343371,DENIED
15.400000000001455,33044.4,-139.34358504122778,37.74843932776832,-138.51886188713175,41.58526815454102,,,42.77,3.924464769475718,21.79078745433348,DENIED
15.5,33044.5,-140.49810348637544,37.514668397534464,-139.68906396832043,41.367579667449874,,,42.85,3.936936651206858,22.14189393118959,DENIED
15.599999999998545,33044.6,-141.65941321645315,37.314293314137885,-140.86965827832313,41.15264461877855,,,43.2,3.918756639565343,22.497946780964142,DENIED
15.69999999999709,33044.7,-142.8275142315212,37.06939043469462,-142.05919939088386,40.940367945708395,,,43.5,3.9464888933225195,22.858527218312105,DENIED
15.80000000000291,33044.8,-144.0024065315645,36.83561950366979,-143.2467379762873,40.73272328317639,,,43.4,3.9696917806902037,23.22029705703825,DENIED
15.900000000001455,33044.9,-145.18409011659818,36.59071662422652,-144.4392319290209,40.52764239023116,,,43.56,4.006769048327104,23.585368290090013,DENIED
16.0,33045.0,-146.38614755648226,36.37920959162053,-145.64003362629364,40.325014653153616,,,43.84,4.015727030120651,23.9547548172589,DENIED
16.099999999998545,33045.1,-147.5882049964116,36.14543866138667,-146.84773419224416,40.124906255686206,,,44.07,4.047772145996427,24.32803121600205,DENIED
16.19999999999709,33045.2,-148.79026243634092,35.92279967878029,-148.06260336740584,39.92731176780168,,,44.31,4.070086582828672,24.705281486795787,DENIED
16.30000000000291,33045.3,-149.99911116121535,35.689028748546434,-149.2865569503021,39.73196551634427,,,44.62,4.105249226527155,25.087106199703328,DENIED
16.400000000001455,33045.4,-151.21475117108014,35.455257817521606,-150.51547569851007,39.53956416978151,,,44.78,4.143735581048659,25.47222184412347,DENIED
16.5,33045.5,-152.4439737508804,35.22148688728775,-151.74941892489983,39.3505662197592,,,44.94,4.18708759642496,25.86062776208101,DENIED
16.599999999998545,33045.6,-153.6731963306957,34.998847906263315,-152.98829641047024,39.16634128740458,,,45.09,4.223397800655425,26.25225100066181,DENIED
16.69999999999709,33045.7,-154.9092101954863,34.77620892365693,-154.23428937496575,38.98661158215397,,,45.32,4.264153920844213,26.647776652609057,DENIED
16.80000000000291,33045.8,-156.1588066301973,34.5535699426325,-155.48622047153302,38.8111524964814,,,45.51,4.310380649509423,27.046842474090628,DENIED
16.900000000001455,33045.9,-157.40161177994807,34.3420629100265,-156.74422427938367,38.641106570575374,,,45.7,4.349015373760339,27.4494561105888,DENIED
17.0,33046.0,-158.65799949963434,34.11942392821109,-158.00769802660136,38.47638017776334,,,45.87,4.4052196047803625,27.855427284040246,DENIED
17.099999999998545,33046.1,-159.91438721933565,33.91904884481451,-159.2742220030526,38.317995794992584,,,45.95,4.445283542657282,28.263949493291452,DENIED
17.19999999999709,33046.2,-161.17077493902192,33.71867376141794,-160.54243825956416,38.166588623396876,,,45.98,4.4920767582672845,28.67455536427764,DENIED
17.30000000000291,33046.3,-162.43395394368343,33.51829867802136,-161.81705084143528,38.0220839747246,,,46.18,4.545838914475931,29.088745256431817,DENIED
17.400000000001455,33046.4,-163.7107155182955,33.3290555438342,-163.0911175302955,37.88529378188585,,,46.13,4.598174480010262,29.504251688968026,DENIED
17.5,33046.5,-164.97389452295704,33.15094435806548,-164.37168616418734,37.75458409124702,,,46.34,4.642860508382723,29.92339026163539,DENIED
17.599999999998545,33046.6,-166.250656097554,32.98396512229715,-165.65594126519906,37.630062690258754,,,46.45,4.684005587405048,30.345245512261428,DENIED
17.69999999999709,33046.7,-167.54100024210155,32.839249784156685,-166.94691634218933,37.51170939805429,,,46.67,4.710075851155595,30.770806818614854,DENIED
17.80000000000291,33046.8,-168.82455310168888,32.69453444601622,-168.24393005767445,37.39850710805737,,,46.87,4.739671077666794,31.199890290171965,DENIED
17.900000000001455,33046.9,-170.10810596124605,32.54981910787575,-169.54533853109714,37.291098171285604,,,47.01,4.774561167014728,31.631939681635636,DENIED
18.0,33047.0,-171.39845010580868,32.42736766815411,-170.84810482255682,37.19021324890145,,,47.04,4.794536260874666,32.0659263925698,DENIED
18.099999999998545,33047.1,-172.6887942503562,32.316048177641896,-172.15136504801714,37.095923469703344,,,47.04,4.809993550430844,32.501550348322716,DENIED
18.19999999999709,33047.2,-173.985929679879,32.19359673792026,-173.45699514371225,37.0076449712523,,,47.11,4.843018907292977,32.93944328633029,DENIED
18.30000000000291,33047.3,-175.2830651093867,32.08227724661707,-174.76442722202182,36.9256610654726,,,47.16,4.871072990108232,33.37940117026632,DENIED
18.400000000001455,33047.4,-176.5802005389246,31.982089705314266,-176.06778092076988,36.84986895142274,,,47.0,4.894675541229903,33.81944290816282,DENIED
18.5,33047.5,-177.8773359684323,31.893034112429905,-177.37340679071457,36.77988797056797,,,47.07,4.912767575100022,34.2616971625138,DENIED
18.599999999998545,33047.6,-179.17447139794004,31.80397851954555,-178.67658456947404,36.716423381556126,,,46.97,4.937611347225908,34.70453966095777,DENIED
18.69999999999709,33047.7,-180.46481554250263,31.726054875870606,-179.97866937267423,36.659388804293734,,,46.92,4.9572292409943675,35.14841469152517,DENIED
18.80000000000291,33047.8,-181.76874225698563,31.648131232986636,-181.27740012862142,36.60863174870735,,,46.79,4.984775065494026,35.59254179628811,DENIED
18.900000000001455,33047.9,-183.06587768650843,31.54794369089286,-182.57633999022525,36.56354194026057,,,46.79,5.0394318087600585,36.038139358958695,DENIED
19.0,33048.0,-184.3494305460807,31.503415894846167,-183.87544340714223,36.52343998215698,,,46.79,5.042351202074269,36.48520488515813,DENIED
19.099999999998545,33048.1,-185.64656597561859,31.44775614959006,-185.16914378156963,36.488702361790125,,,46.59,5.063503793388991,36.931799454161684,DENIED
19.19999999999709,33048.2,-186.93691012015103,31.380964455124534,-186.46019612338517,36.45922163944868,,,46.49,5.100583521995524,37.37885355701359,DENIED
19.30000000000291,33048.3,-188.22046297973836,31.336436658286868,-187.75024970883052,36.43516980582722,,,46.45,5.120369149774713,37.8269191395636,DENIED
19.400000000001455,33048.4,-189.50401583931063,31.291908862240174,-189.03345222284293,36.41684625735118,,,46.2,5.146495256089367,38.27393876858679,DENIED
19.5,33048.5,-190.7807774139076,31.236249116984066,-190.3111671905332,36.404176976575094,,,46.0,5.189220762680544,38.72036270749013,DENIED
19.599999999998545,33048.6,-192.05753898851967,31.1917213201464,-191.58309203185794,36.39711526806714,,,45.79,5.226971022278145,39.16606314798314,DENIED
19.69999999999709,33048.7,-193.32750927815647,31.180589371727955,-192.8508689140699,36.39560838077291,,,45.64,5.236755608330108,39.611596278288836,DENIED
19.80000000000291,33048.8,-194.59068828283307,31.158325473309123,-194.11225072819275,36.39983309351107,,,45.41,5.263297885007582,40.0561468848874,DENIED
19.900000000001455,33048.9,-195.84028471754405,31.16945742251854,-195.36582284793187,36.40972038172837,,,45.13,5.261698390005118,40.49919232427771,DENIED
20.0,33049.0,-197.08988115227012,31.16945742251854,-196.61906213633694,36.42507389587704,,,45.12,5.276663250653915,40.94336680411628,DENIED
20.099999999998545,33049.1,-198.3326863020058,31.1917213201464,-198.07093744673134,31.227192544972514,-198.3326863020058,31.1917213201464,44.68,0.26414138454275454,3.227428229356906,AVAILABLE
20.19999999999709,33049.2,-199.56870016679642,31.20285327014679,-199.4107152406366,31.207743711802145,-199.56870016679642,31.20285327014679,44.42,0.1580606001295402,2.381467014818721,AVAILABLE
20.30000000000291,33049.3,-200.80471403155687,31.20285327014679,-200.69073873497794,31.1990236525421,-200.80471403155687,31.20285327014679,44.43,0.11403961680597167,1.9903209026625626,AVAILABLE
20.400000000001455,33049.4,-202.02714532639692,31.1917213201464,-201.93991738966204,31.193257048895347,-202.02714532639692,31.1917213201464,44.07,0.0872414546520976,1.762218662706875,AVAILABLE
20.5,33049.5,-203.2427853362617,31.1917213201464,-203.17230939560164,31.193075017495303,-203.2427853362617,31.1917213201464,43.8,0.07048894032706653,1.6177225725570734,AVAILABLE
20.599999999998545,33049.6,-204.4584253461265,31.147193524099706,-204.39605354739808,31.187509996680532,-204.4584253461265,31.147193524099706,43.66,0.0742674843924138,1.5235339477104886,AVAILABLE
20.69999999999709,33049.7,-205.667274071016,30.991346237540796,-205.60546015349254,31.154672314235984,-205.667274071016,30.991346237540796,43.25,0.17463209249230352,1.4610008025871908,AVAILABLE
20.80000000000291,33049.8,-206.87612279590553,30.924554543075267,-206.80973105174166,31.116536910101804,-206.87612279590553,30.924554543075267,43.09,0.20313811297300177,1.4188803028844872,AVAILABLE
20.900000000001455,33049.9,-208.07138895085956,30.81323505177208,-208.00823645852236,31.063576060630243,-208.07138895085956,30.81323505177208,42.94,0.2581837678951238,1.3892508778876524,AVAILABLE
21.0,33050.0,-209.25307253586308,30.81323505177208,-209.19737275045665,31.019802158669563,-209.25307253586308,30.81323505177208,42.64,0.2139449362483705,1.3664389417037524,AVAILABLE
21.099999999998545,33050.1,-210.4279648359064,30.924554543075267,-210.37915486968114,31.006836106199763,-210.4279648359064,30.924554543075267,42.39,0.09566957945513228,1.3471367779264278,AVAILABLE
21.19999999999709,33050.2,-211.59606585095938,30.935686491493712,-211.55063899837387,31.000979614290966,-211.59606585095938,30.935686491493712,42.04,0.07954112659777107,1.3291514699092348,AVAILABLE
21.30000000000291,33050.3,-212.75058429609194,31.002478185959237,-212.715347450968,31.01201051231192,-212.75058429609194,31.002478185959237,41.83,0.03650343134531464,1.3117875161224886,AVAILABLE
21.400000000001455,33050.4,-213.90510274120945,31.08040182963418,-213.8743010308113,31.03959594532883,-213.90510274120945,31.08040182963418,41.64,0.05112597732457695,1.2946384480524702,AVAILABLE
21.5,33050.5,-215.05282990136678,31.147193524099706,-215.02450162048834,31.078945046653637,-215.05282990136678,31.147193524099706,41.34,0.07389415518993646,1.2773902135287067,AVAILABLE
21.599999999998545,33050.6,-216.18697449157352,31.22511716777465,-216.16637999411103,31.130466636029766,-216.18697449157352,31.22511716777465,41.07,0.09686514587467362,1.260221380254856,AVAILABLE
21.69999999999709,33050.7,-217.3211190817803,31.30304081144959,-217.3056485097488,31.191827387805322,-217.3211190817803,31.30304081144959,41.0,0.11228430076222234,1.2436566670425808,AVAILABLE
21.80000000000291,33050.8,-218.44168110203654,31.380964455124534,-218.43352969512685,31.26146453822261,-218.44168110203654,31.380964455124534,40.62,0.11977760881806646,1.227244008677681,AVAILABLE
21.900000000001455,33050.9,-219.55545183733258,31.458888098008504,-219.55317060947783,31.337704798953794,-219.55545183733258,31.458888098008504,40.35,0.12120476876059214,1.2113952656677371,AVAILABLE
22.0,33051.0,-220.65564000267807,31.55907564010228,-220.6624360369734,31.422811925071006,-220.65564000267807,31.55907564010228,40.01,0.13643308292443995,1.196127339427495,AVAILABLE
22.099999999998545,33051.1,-221.7626194530139,31.648131232986636,-221.76508770229864,31.513537891569204,-221.7626194530139,31.648131232986636,39.78,0.13461597159490754,1.1817431663422917,AVAILABLE
22.19999999999709,33051.2,-222.84922504842396,31.737186825080023,-222.8599250550875,31.608809388446275,-222.84922504842396,31.737186825080023,39.53,0.12882257713324888,1.168252828008743,AVAILABLE
22.30000000000291,33051.3,-223.94262192879418,31.848506316383215,-223.950210468656,31.71144855708414,-223.94262192879418,31.848506316383215,39.38,0.13726767762775652,1.1558400458164488,AVAILABLE
22.400000000001455,33051.4,-225.022436239244,31.94869385847699,-225.02549023800535,31.817857192333836,-225.022436239244,31.94869385847699,38.85,0.1308723046174755,1.1438699336835538,AVAILABLE
22.5,33051.5,-226.0954592647035,32.071145297407654,-226.0942329145966,31.931274593488762,-226.0954592647035,32.071145297407654,38.63,0.1398760799756371,1.1329089831735661,AVAILABLE
22.599999999998545,33051.6,-227.14810843525225,32.19359673792026,-227.15505656825712,32.05058779714663,-227.14810843525225,32.19359673792026,38.38,0.14317762986391364,1.122860504675932,AVAILABLE
22.69999999999709,33051.7,-228.2007576058161,32.349444025270145,-228.2107411502722,32.18033353920761,-228.2007576058161,32.349444025270145,38.23,0.1694049221723329,1.1138312978372722,AVAILABLE
22.80000000000291,33051.8,-229.2330329214541,32.49415936341061,-229.25065104504498,32.31643526534424,-229.2330329214541,32.49415936341061,37.7,0.17859522197519137,1.1051421378888422,AVAILABLE
22.900000000001455,33051.9,-230.27209952205234,32.638874699969136,-230.2796083178224,32.4583646389106,-230.27209952205234,32.638874699969136,37.32,0.18066616771623922,1.0970467473382994,AVAILABLE
23.0,33052.0,-231.29079226775488,32.805853936528436,-231.2997900695564,32.60844630950998,-231.29079226775488,32.805853936528436,37.04,0.1976125796661677,1.0896690655315897,AVAILABLE
23.099999999998545,33052.1,-232.30269372848218,32.9505692746689,-232.31047473716873,32.76139320833196,-232.30269372848218,32.9505692746689,36.72,0.1893360192116093,1.0828816665471863,AVAILABLE
23.19999999999709,33052.2,-233.29422133428366,33.10641656201879,-233.3090178823905,32.91859054383097,-233.29422133428366,33.10641656201879,36.32,0.18840793758269977,1.0765027499059907,AVAILABLE
23.30000000000291,33052.3,-234.2857489401002,33.2288680025314,-234.298670819426,33.074063117009224,-234.2857489401002,33.2288680025314,36.01,0.15534325716568556,1.0706405590147297,AVAILABLE
23.400000000001455,33052.4,-235.28406783087695,33.340187493043615,-235.27885482576136,33.22543323572421,-235.28406783087695,33.340187493043615,35.65,0.11487260332761372,1.065159044910828,AVAILABLE
23.5,33052.5,-236.2552215817828,33.45150698355583,-236.24823250687587,33.37294392420785,-236.2552215817828,33.45150698355583,35.26,0.07887332541593856,1.059967838508633,AVAILABLE
23.599999999998545,33052.6,-237.21279276273808,33.5962223216963,-237.2119244470108,33.52273806475848,-237.21279276273808,33.5962223216963,35.08,0.07348938692019708,1.0553687850763247,AVAILABLE
23.69999999999709,33052.7,-238.16357265871807,33.72980571062735,-238.1637227485044,33.671631966473676,-238.16357265871807,33.72980571062735,34.66,0.05817393777114863,1.0508943234916897,AVAILABLE
23.80000000000291,33052.8,-239.1075612697228,33.88565299797724,-239.10544149016468,33.82268024338562,-239.1075612697228,33.88565299797724,34.31,0.06300842234361495,1.0466398931101388,AVAILABLE
23.900000000001455,33052.9,-240.04475859576735,34.041500285327125,-240.04115306425714,33.976394395727645,-240.04475859576735,34.041500285327125,34.11,0.06520564943324057,1.0428161741886013,AVAILABLE
24.0,33053.0,-240.96837335186135,34.197347571886034,-240.96905087560606,34.13224337040024,-240.96837335186135,34.197347571886034,33.85,0.06510772680356487,1.0392611148768425,AVAILABLE
24.099999999998545,33053.1,-241.89198810795537,34.31979901160767,-241.88773550766396,34.28486654445469,-241.89198810795537,34.31979901160767,33.51,0.03519036616224409,1.035800053430762,AVAILABLE
24.19999999999709,33053.2,-242.81560286406443,34.464514349748136,-242.7995582053735,34.43789903841052,-242.81560286406443,34.464514349748136,33.26,0.031077417365453833,1.032562027543952,AVAILABLE
24.30000000000291,33053.3,-243.73921762015846,34.5535699426325,-243.70672110604275,34.58315871538792,-243.73921762015846,34.5535699426325,33.05,0.04394904894129159,1.0295762734059544,AVAILABLE
24.400000000001455,33053.4,-244.63566723636646,34.70941722919141,-244.60822619650767,34.731495662561905,-244.63566723636646,34.70941722919141,32.87,0.03522027666880114,1.0268501584996,AVAILABLE
24.5,33053.5,-245.518534282639,34.87639646575071,-245.50179874533328,34.88402506643915,-245.518534282639,34.87639646575071,32.62,0.018392220023011236,1.0242226009618278,AVAILABLE
24.599999999998545,33053.6,-246.40140132891153,35.032243753100595,-246.38548878752894,35.038196063689256,-246.40140132891153,35.032243753100595,32.28,0.016989378287522533,1.0215215568288774,AVAILABLE
24.69999999999709,33053.7,-247.27747709020878,35.199222988868925,-247.25837116766144,35.195339855199734,-247.27747709020878,35.199222988868925,31.91,0.019496538243435568,1.0187017794775717,AVAILABLE
24.80000000000291,33053.8,-248.16034413646625,35.332806377799976,-248.12509399998163,35.350421402250426,-248.16034413646625,35.332806377799976,31.67,0.039406360001582465,1.0159969508160425,AVAILABLE
24.900000000001455,33053.9,-249.01604604286786,35.53318146119655,-248.98553065832425,35.51295929307616,-249.01604604286786,35.53318146119655,31.49,0.03660771472426893,1.013491859148507,AVAILABLE
